YotCode,YOTName,SubscriptionName,Email,CourtCode,CourtName
5049,Barnet YOT,Barnet YOT,grp.barnetyot@barnet.cjsm.net,B01AU00,Barnet Magistrates' Court
5049,Barnet YOT,Barnet YOT,grp.barnetyot@barnet.cjsm.net,B01GQ00,Hendon Magistrates' Court
5049,Barnet YOT,Barnet YOT,grp.barnetyot@barnet.cjsm.net,B01RA00,Barnet County Court
5176,Barnsley YOT,Barnsley YOT,grp.barnsleyyot@barnsley.cjsm.net,B14AV00,Barnsley Magistrates' Court
5132,Bath & NE Somerset YOT,Bath & NE Somerset YOT,youth_offending@bathnes.gov.uk,B52VU00,Bath County Court
5132,Bath & NE Somerset YOT,Bath & NE Somerset YOT,youth_offending@bathnes.gov.uk,B52BB00,Bath Magistrates' Court
5030,Bedfordshire YOT,Bedfordshire YOT,GrpBedfordshire-YOS@bedford.gov.uk.cjsm.net,B40UM00,Bedford County Court
5030,Bedfordshire YOT,Bedfordshire YOT,GrpBedfordshire-YOS@bedford.gov.uk.cjsm.net,B40BC00,Bedford Magistrates' Court
5050,Bexley YOT,Bexley YOT,grp.bexleyyot@bexley.cjsm.net,B01BH00,Bexley Magistrates' Court
5164,Birmingham YOT,Birmingham YOT,birminghamyos.courtteam@birmingham.cjsm.net,B20TJ00,Birmingham Civil Justice Centre
5164,Birmingham YOT,Birmingham YOT,birminghamyos.courtteam@birmingham.cjsm.net,B20BN00,Birmingham Youth Court
5164,Birmingham YOT,Birmingham YOT,birminghamyos.courtteam@birmingham.cjsm.net,B20BL00,Birmingham Magistrates' Court
5091,Blackburn YOT,Blackburn YOT,grp.blackburnyot@blackburn.cjsm.net,B04BP00,Blackburn Magistrates' Court
5091,Blackburn YOT,Blackburn YOT,grp.blackburnyot@blackburn.cjsm.net,B04RV00,Blackburn County Court
5091,Blackburn YOT,Blackburn YOT,grp.blackburnyot@blackburn.cjsm.net,B04RU00,Accrington County Court
5093,Bolton YOT,Bolton YOT,grpbolton-yot@bolton.gov.uk,B06BV00,Bolton Magistrates' Court
5133,Bournemouth YOT,Bournemouth YOT,grp.bournemouthyot@bournemouth.cjsm.net,B55BZ00,Bournemouth Magistrates' Court
5133,Bournemouth YOT,Bournemouth YOT,grp.bournemouthyot@bournemouth.cjsm.net,B55IS00,Bournemouth Combined Court
5133,Bournemouth YOT,Bournemouth YOT,grp.bournemouthyot@bournemouth.cjsm.net,B55KL00,Poole Magistrates' Court
5133,Bournemouth YOT,Bournemouth YOT,grp.bournemouthyot@bournemouth.cjsm.net,B55OE00,Weymouth Magistrates' Court
5133,Bournemouth YOT,Bournemouth YOT,grp.bournemouthyot@bournemouth.cjsm.net,B55WC00,Weymouth County Court
5112,Bracknell Forest YOT,Bracknell Forest YOT,grp.bracknell-forestyot@bracknell-forest.cjsm.net,B43CB00,Bracknell Magistrates' Court
5177,Bradford YOT,Bradford YOT,grpadmin.bradfordyot@bradford.cjsm.net,B13CC00,Bradford and Keighley Magistrates' Court
5051,Brent YOT,Brent YOT,grp.brentyot@brent.cjsm.net,B01CE00,Brent Magistrates' Court
5051,Brent YOT,Brent YOT,grp.brentyot@brent.cjsm.net,B01RP00,Willesden County Court
5147,Bridgend YOT,Bridgend YOT,yot@bridgend.gcsx.gov.uk.cjsm.net,B62CG00,Bridgend Magistrates' Court
5113,Brighton & Hove YOT,Brighton & Hove YOT,brighton-hove.yos-grp@brighton-hove.cjsm.net,B47PE00,Brighton (John Street) Magistrates' Court
5113,Brighton & Hove YOT,Brighton & Hove YOT,brighton-hove.yos-grp@brighton-hove.cjsm.net,B47CL00,Brighton Magistrates' Court
5134,Bristol YOT,Bristol YOT,grpbristol-yot@bristol.gov.uk.cjsm.net,B52QA00,Bristol Civil Justice Centre
5134,Bristol YOT,Bristol YOT,grpbristol-yot@bristol.gov.uk.cjsm.net,B52VV00,Bristol County Court
5134,Bristol YOT,Bristol YOT,grpbristol-yot@bristol.gov.uk.cjsm.net,B52CM00,Bristol Magistrates' Court
5052,Bromley YOT,Bromley YOT,grp.bromleyyot@bromley.cjsm.net,B01CN00,Bromley Magistrates' Court
5052,Bromley YOT,Bromley YOT,grp.bromleyyot@bromley.cjsm.net,B01RD00,Bromley County Court
5114,Buckinghamshire YOT,Buckinghamshire YOT,yos.bucks@buckscc.cjsm.net,B43AJ00,Amersham Magistrates' Court
5114,Buckinghamshire YOT,Buckinghamshire YOT,yos.bucks@buckscc.cjsm.net,B43AP00,Aylesbury Magistrates' Court
5114,Buckinghamshire YOT,Buckinghamshire YOT,yos.bucks@buckscc.cjsm.net,B43OX00,Wycombe Magistrates' Court
5114,Buckinghamshire YOT,Buckinghamshire YOT,yos.bucks@buckscc.cjsm.net,B43UX00,Aylesbury County Court
5094,Bury YOT,Bury YOT,BandRYOT@Rochdale.gov.uk.cjsm.net,B06KZ00,Rochdale Magistrates' Court
5094,Bury YOT,Bury YOT,BandRYOT@Rochdale.gov.uk.cjsm.net,B06CQ00,Bury Magistrates' Court
5148,Caerphilly YOT,Caerphilly YOT,grp.caerphillyyot@caerphilly.cjsm.net,B61AB00,Abergavenny Magistrates' Court
5148,Caerphilly YOT,Caerphilly YOT,grp.caerphillyyot@caerphilly.cjsm.net,B61CU00,Caerphilly Magistrates' Court
5148,Caerphilly YOT,Caerphilly YOT,grp.caerphillyyot@caerphilly.cjsm.net,B61EH00,Cwmbran Magistrates' Court
5148,Caerphilly YOT,Caerphilly YOT,grp.caerphillyyot@caerphilly.cjsm.net,B61NP00,Newport Magistrates' Court
5148,Caerphilly YOT,Caerphilly YOT,grp.caerphillyyot@caerphilly.cjsm.net,B61WI00,Blackwood County Court
5148,Caerphilly YOT,Caerphilly YOT,grp.caerphillyyot@caerphilly.cjsm.net,B61WJ00,Newport (South Wales) County Court
5148,Caerphilly YOT,Caerphilly YOT,grp.caerphillyyot@caerphilly.cjsm.net,B61WY00,Newport Magistrates' Court (Crown Court Bldg)
5178,Calderdale YOT,Calderdale YOT,yot@calderdale.gcsx.gov.uk.cjsm.net,B13GF00,Calderdale Magistrates' Court
5031,Cambridgeshire YOT,Cambridgeshire YOT,Yot.cambridge@cambridgeshire.cjsm.net,B35CZ00,Cambridge Magistrates' Court
5031,Cambridgeshire YOT,Cambridgeshire YOT,Yot.cambridge@cambridgeshire.cjsm.net,B35HF00,Huntingdon Magistrates' Court
5031,Cambridgeshire YOT,Cambridgeshire YOT,Yot.cambridge@cambridgeshire.cjsm.net,B35UH00,Cambridge County Court
5053,Camden YOT,Camden YOT,libracourt.info@enfield.cjsm.net,B01GU00,Highbury Corner Magistrates' Court
5149,Cardiff YOT,Cardiff YOT ,yos.admin@cardiff.cjsm.net,B62WM00,Cardiff County Court
5149,Cardiff YOT,Cardiff YOT ,yos.admin@cardiff.cjsm.net,B62DC00,Cardiff Magistrates' Court
5150,Carmarthenshire YOT,Carmarthenshire YOT,grp.carmarthenshireyot@carmarthenshire.cjsm.net,B63DF00,Carmarthen Magistrates' Court
5150,Carmarthenshire YOT,Carmarthenshire YOT,grp.carmarthenshireyot@carmarthenshire.cjsm.net,B63IE00,Llanelli Magistrates' Court
5150,Carmarthenshire YOT,Carmarthenshire YOT,grp.carmarthenshireyot@carmarthenshire.cjsm.net,B63WS00,Llanelli County Court
5151,Ceredigion YOT,Ceredigion YOT,grp.ceredigionyot@ceredigion.cjsm.net,B63AD00,Aberystwyth Magistrates' Court
5203,Cheshire West| Halton and Warrington YOT,Cheshire West| Halton and Warrington YOT,Grpcwhw-yos@cwhwyos.org.uk.cjsm.net,B07DM00,Chester Magistrates' Court
5203,Cheshire West| Halton and Warrington YOT,Cheshire West| Halton and Warrington YOT,Grpcwhw-yos@cwhwyos.org.uk.cjsm.net,B07ED00,Crewe Magistrates' Court
5203,Cheshire West| Halton and Warrington YOT,Cheshire West| Halton and Warrington YOT,Grpcwhw-yos@cwhwyos.org.uk.cjsm.net,B07IO00,Macclesfield Magistrates' Court
5203,Cheshire West| Halton and Warrington YOT,Cheshire West| Halton and Warrington YOT,Grpcwhw-yos@cwhwyos.org.uk.cjsm.net,B07LF00,Runcorn Magistrates' Court
5203,Cheshire West| Halton and Warrington YOT,Cheshire West| Halton and Warrington YOT,Grpcwhw-yos@cwhwyos.org.uk.cjsm.net,B07NV00,Warrington Magistrates' Court
5203,Cheshire West| Halton and Warrington YOT,Cheshire West| Halton and Warrington YOT,Grpcwhw-yos@cwhwyos.org.uk.cjsm.net,B07OI00,Widnes Magistrates' Court
5203,Cheshire West| Halton and Warrington YOT,Cheshire West| Halton and Warrington YOT,Grpcwhw-yos@cwhwyos.org.uk.cjsm.net,B07SK00,Chester County Court
5203,Cheshire West| Halton and Warrington YOT,Cheshire West| Halton and Warrington YOT,Grpcwhw-yos@cwhwyos.org.uk.cjsm.net,B07SL00,Macclesfield County Court
5203,Cheshire West| Halton and Warrington YOT,Cheshire West| Halton and Warrington YOT,Grpcwhw-yos@cwhwyos.org.uk.cjsm.net,B07FQ00,Warrington Combined Court
5152,Conwy & Denbighshire YOT,Conwy & Denbighshire YOT,group.conwy@denbighshire.cjsm.net,B60EL00,Denbigh Magistrates' Court
5152,Conwy & Denbighshire YOT,Conwy & Denbighshire YOT,group.conwy@denbighshire.cjsm.net,B60ID00,Llandudno Magistrates' Court
5152,Conwy & Denbighshire YOT,Conwy & Denbighshire YOT,group.conwy@denbighshire.cjsm.net,B60KN00,Prestatyn Magistrates' Court
5135,Cornwall & the Isles of Scilly YOT,Cornwall & the Isles of Scilly YOT,yos@cornwall.gov.uk,B50BU00,Bodmin Magistrates' Court
5135,Cornwall & the Isles of Scilly YOT,Cornwall & the Isles of Scilly YOT,yos@cornwall.gov.uk,B50NL00,Truro Magistrates' Court
5135,Cornwall & the Isles of Scilly YOT,Cornwall & the Isles of Scilly YOT,yos@cornwall.gov.uk,B50VQ00,Bodmin County Court
5165,Coventry YOT,Coventry YOT,libra.info@coventrycountyc.cjsm.net,B20EB00,Coventry Magistrates' Court
5054,Croydon YOT,Croydon YOT,grp.croydonyot@croydon.cjsm.net,B01EF00,Croydon Magistrates' Court
5096,Cumbria YOT,Cumbria YOT,grp.cumbriayot@cumbriacc.cjsm.net,B03AX00,Barrow-in-Furness Magistrates' Court
5096,Cumbria YOT,Cumbria YOT,grp.cumbriayot@cumbriacc.cjsm.net,B03DE00,Carlisle Magistrates' Court
5096,Cumbria YOT,Cumbria YOT,grp.cumbriayot@cumbriacc.cjsm.net,B03HK00,Kendal Magistrates' Court
5096,Cumbria YOT,Cumbria YOT,grp.cumbriayot@cumbriacc.cjsm.net,B03OT00,Workington Magistrates' Court
5096,Cumbria YOT,Cumbria YOT,grp.cumbriayot@cumbriacc.cjsm.net,B03RR00,Kendal County Court
5096,Cumbria YOT,Cumbria YOT,grp.cumbriayot@cumbriacc.cjsm.net,B03HG00,Kendal Town Hall
5082,Darlington YOT,Darlington (Durham) YOT,cdyos-ops@durham.gov.uk.cjsm.net,B11DZ00,Consett Magistrates' Court
5082,Darlington YOT,Darlington (Durham) YOT,cdyos-ops@durham.gov.uk.cjsm.net,B11EI00,Darlington Magistrates' Court
5082,Darlington YOT,Darlington (Durham) YOT,cdyos-ops@durham.gov.uk.cjsm.net,B11EZ00,Durham Magistrates' Court
5082,Darlington YOT,Darlington (Durham) YOT,cdyos-ops@durham.gov.uk.cjsm.net,B11JP00,Newton Aycliffe Magistrates' Court
5082,Darlington YOT,Darlington (Durham) YOT,cdyos-ops@durham.gov.uk.cjsm.net,B11KF00,Peterlee Magistrates' Court
5082,Darlington YOT,Darlington YOT,grpdarlington-yot@darlington.gov.uk.cjsm.net,B11ST00,Darlington County Court
5082,Darlington YOT,Darlington YOT,grpdarlington-yot@darlington.gov.uk.cjsm.net,B11SU00,Durham County Court
5040,Derby City YOT,Derby City YOT,Derbyyot@derby.gov.uk.cjsm.net,B30PI00,Southern Derbyshire Magistrates' Court (Derby)
5041,Derbyshire YOT,Derbyshire YOT,grpderbyshire-yot-headquarters@derbyshire.gov.uk.cjsm.net,B30TZ00,Chesterfield County Court
5041,Derbyshire YOT,Derbyshire YOT,grpderbyshire-yot-headquarters@derbyshire.gov.uk.cjsm.net,B30CS00,High Peak Magistrates' Court (Buxton)
5041,Derbyshire YOT,Derbyshire YOT,grpderbyshire-yot-headquarters@derbyshire.gov.uk.cjsm.net,B30FS00,High Peak Magistrates' Court (Glossop)
5041,Derbyshire YOT,Derbyshire YOT,grpderbyshire-yot-headquarters@derbyshire.gov.uk.cjsm.net,B30PG00,North East Derbyshire and Dales Magistrates' Court (Chesterfield)
5041,Derbyshire YOT,Derbyshire YOT,grpderbyshire-yot-headquarters@derbyshire.gov.uk.cjsm.net,B30TY00,Buxton County Court
5041,Derbyshire YOT,Derbyshire YOT,grpderbyshire-yot-headquarters@derbyshire.gov.uk.cjsm.net,B30TY00,Buxton County Court
5136,Devon YOT,Devon (Exeter) YOT,GrpExeter-yot@devon.gov.uk.cjsm.net,B50EG00,Cullompton Magistrates' Court
5136,Devon YOT,Devon (Exeter) YOT,GrpExeter-yot@devon.gov.uk.cjsm.net,B50AW00,Barnstaple Magistrates' Court
5136,Devon YOT,Devon (Exeter) YOT,GrpExeter-yot@devon.gov.uk.cjsm.net,B50FI00,Exeter Magistrates' Court
5136,Devon YOT,Devon (Exeter) YOT,GrpExeter-yot@devon.gov.uk.cjsm.net,B50VR00,Exeter County Court
5179,Doncaster YOT,Doncaster YOT,enquiries.admin@doncaster.cjsm.net,B14TG00,Doncaster County Court 
5179,Doncaster YOT,Doncaster YOT,enquiries.admin@doncaster.cjsm.net,B14ET00,Doncaster Magistrates' Court
5166,Dudley YOT,Dudley YOT,GrpDudley-Yot-Court@dudley.gov.uk.cjsm.net,B20TK00,Dudley County Court
5166,Dudley YOT,Dudley YOT,GrpDudley-Yot-Court@dudley.gov.uk.cjsm.net,B20EY00,Dudley Magistrates' Court
5055,Ealing YOT,Ealing YOT,grp.ealingyot@ealing.cjsm.net,B01FA00,Ealing Magistrates' Court
5180,East Riding of Yorkshire YOT,East Riding of Yorkshire YOT,eastridingyos.eastridingyos@eastridingyot.cjsm.net,B16CJ00,Bridlington Magistrates' Court
5180,East Riding of Yorkshire YOT,East Riding of Yorkshire YOT,eastridingyos.eastridingyos@eastridingyot.cjsm.net,B16BG00,Beverley Magistrates' Court
5115,East Sussex YOT,East Sussex YOT,youthoffendingteam@eastsussex.gov.uk.cjsm.net,B47FB00,Eastbourne Magistrates' Court
5115,East Sussex YOT,East Sussex YOT,youthoffendingteam@eastsussex.gov.uk.cjsm.net,B47GL00,Hastings Magistrates' Court
5115,East Sussex YOT,East Sussex YOT,youthoffendingteam@eastsussex.gov.uk.cjsm.net,B47VN00,Eastbourne County Court
5115,East Sussex YOT,East Sussex YOT,youthoffendingteam@eastsussex.gov.uk.cjsm.net,B47VO00,Hastings County Court
5153,Flintshire YOT,Flintshire YOT,yot.admin@flintshire.cjsm.net,B60JE00,Mold Magistrates' Court
5084,Gateshead YOT,Gateshead YOT,grpgatesheadyot@gateshead.gov.uk.cjsm.net,B10SN00,Gateshead County Court
5084,Gateshead YOT,Gateshead YOT,grpgatesheadyot@gateshead.gov.uk.cjsm.net,B10FR00,Gateshead Magistrates' Court
5138,Gloucestershire YOT,Gloucestershire YOT,Gloucestershire.yst@psl.cjsm.net,B53DJ00,Cheltenham Magistrates' Court
5138,Gloucestershire YOT,Gloucestershire YOT,Gloucestershire.yst@psl.cjsm.net,B53FT00,Gloucester Magistrates' Court
5138,Gloucestershire YOT,Gloucestershire YOT,Gloucestershire.yst@psl.cjsm.net,B53MP00,Stroud Magistrates' Court
5138,Gloucestershire YOT,Gloucestershire YOT,Gloucestershire.yst@psl.cjsm.net,B53VZ00,Gloucester & Cheltenham County Court
5057,Greenwich YOT,Greenwich YOT,grp.greenwichyot@greenwich.cjsm.net,B01BE00,Belmarsh Magistrates' Court
5057,Greenwich YOT,Greenwich YOT,grp.greenwichyot@greenwich.cjsm.net,B01GA00,Greenwich Magistrates' Court
5057,Greenwich YOT,Greenwich YOT,grp.greenwichyot@greenwich.cjsm.net,B01RQ00,Woolwich County Court
5154,Gwynedd & Ynys Mon YOT,Gwynedd & Ynys Mon YOT,grp.gwyneddyot@gwynedd.cjsm.net,B60ES00,Dolgellau Magistrates' Court
5154,Gwynedd & Ynys Mon YOT,Gwynedd & Ynys Mon YOT,grp.gwyneddyot@gwynedd.cjsm.net,B60GX00,Holyhead Magistrates' Court
5154,Gwynedd & Ynys Mon YOT,Gwynedd & Ynys Mon YOT,grp.gwyneddyot@gwynedd.cjsm.net,B60WU00,Caernarfon Magistrates' Court
5154,Gwynedd & Ynys Mon YOT,Gwynedd & Ynys Mon YOT,grp.gwyneddyot@gwynedd.cjsm.net,B60IF00,Llangefni Shire Hall
5058,Hackney YOT,Hackney YOT,court.stratforddl@hackney.cjsm.net,B01MN00,Stratford Magistrates' Court
5116,Hampshire YOT,Hampshire YOT,YOT.Libra@hants.gov.uk.cjsm.net,B44AG00,Aldershot Magistrates' Court
5116,Hampshire YOT,Hampshire YOT,YOT.Libra@hants.gov.uk.cjsm.net,B44AI00,Alton Magistrates' Court
5116,Hampshire YOT,Hampshire YOT,YOT.Libra@hants.gov.uk.cjsm.net,B44AL00,Andover Magistrates' Court
5116,Hampshire YOT,Hampshire YOT,YOT.Libra@hants.gov.uk.cjsm.net,B44BA00,Basingstoke Magistrates' Court
5116,Hampshire YOT,Hampshire YOT,YOT.Libra@hants.gov.uk.cjsm.net,B44FJ00,Fareham Magistrates' Court
5116,Hampshire YOT,Hampshire YOT,YOT.Libra@hants.gov.uk.cjsm.net,B44KM00,Portsmouth Magistrates' Court
5116,Hampshire YOT,Hampshire YOT,YOT.Libra@hants.gov.uk.cjsm.net,B44MA00,Southampton Magistrates' Court
5116,Hampshire YOT,Hampshire YOT,YOT.Libra@hants.gov.uk.cjsm.net,B44VC00,Aldershot and Farnham County Court
5116,Hampshire YOT,Hampshire YOT,YOT.Libra@hants.gov.uk.cjsm.net,B44VE00,Southampton County Court
5116,Hampshire YOT,Hampshire YOT,YOT.Libra@hants.gov.uk.cjsm.net,B44WZ00,Basingstoke Magistrates' Court sitting at Winchester Combined Court
5085,Hartlepool YOT,Hartlepool YOT,grp.hartlepoolyos@hartlepool.cjsm.net,B17GJ00,Hartlepool Magistrates' Court
5062,Havering YOT,Havering YOT,grphavering-yot@havering.gov.uk.cjsm.net,B01RK00,Romford County Court
5062,Havering YOT,Havering YOT,grphavering-yot@havering.gov.uk.cjsm.net,B01LA00,Havering Magistrates' Court
5033,Hertfordshire YOT,Hertfordshire (East) YOT,hertfordshire.eastyot@hertscc.cjsm.net,B41ME00,St. Albans Magistrates' Court
5033,Hertfordshire YOT,Hertfordshire (East) YOT,hertfordshire.eastyot@hertscc.cjsm.net,B41UQ00,St. Albans County Court
5033,Hertfordshire YOT,Hertfordshire (East) YOT,hertfordshire.eastyot@hertscc.cjsm.net,B41GS00,Hertford Magistrates' Court
5033,Hertfordshire YOT,Hertfordshire (East) YOT,hertfordshire.eastyot@hertscc.cjsm.net,B41US00,Hatfield Magistrates' Court
5063,Hillingdon YOT,Hillingdon YOT,grp.hillingdonyot@hillingdon.cjsm.net,B01RM00,Uxbridge County Court
5063,Hillingdon YOT,Hillingdon YOT,grp.hillingdonyot@hillingdon.cjsm.net,B01NM00,Uxbridge Magistrates' Court
5064,Hounslow YOT,Hounslow YOT,grp.hounslowyot@hounslow.cjsm.net,B01RC00,Brentford County Court
5064,Hounslow YOT,Hounslow YOT,grp.hounslowyot@hounslow.cjsm.net,B01FK00,Feltham Magistrates' Court
5117,Isle of Wight YOT,Isle of Wight YOT,youth.offending@private.iow.gov.uk,B44JK00,Isle of Wight Magistrates' Court
5065,Islington YOT,Islington YOT,grp.islington-YOT@islington.gov.uk.cjsm.net,B01RF00,Clerkenwell and Shoreditch County Court
5066,Kensington & Chelsea YOT,Kensington & Chelsea YOT,youth.offending@rbkc.gov.uk.cjsm.net,B01RO00,West London County Court
5066,Kensington & Chelsea YOT,Kensington & Chelsea YOT,youth.offending@rbkc.gov.uk.cjsm.net,B01OB00,West London Magistrates' Court
5118,Kent YOT,Kent YOT,YouthCourt@kent.cjsm.net,B46DB00,Canterbury Magistrates' Court
5118,Kent YOT,Kent YOT,YouthCourt@kent.cjsm.net,B46DH00,Medway Magistrates' Court
5118,Kent YOT,Kent YOT,YouthCourt@kent.cjsm.net,B46EJ00,Dartford Magistrates' Court
5118,Kent YOT,Kent YOT,YouthCourt@kent.cjsm.net,B46EW00,Dover Magistrates' Court
5118,Kent YOT,Kent YOT,YouthCourt@kent.cjsm.net,B46FO00,Folkestone Magistrates' Court
5118,Kent YOT,Kent YOT,YouthCourt@kent.cjsm.net,B46IR00,Maidstone Magistrates' Court
5118,Kent YOT,Kent YOT,YouthCourt@kent.cjsm.net,B46IU00,Margate Magistrates' Court
5118,Kent YOT,Kent YOT,YouthCourt@kent.cjsm.net,B46LN00,Sevenoaks Magistrates' Court
5118,Kent YOT,Kent YOT,YouthCourt@kent.cjsm.net,B46VH00,Dartford County Court
5118,Kent YOT,Kent YOT,YouthCourt@kent.cjsm.net,B46VJ00,Medway County Court
5118,Kent YOT,Kent YOT,YouthCourt@kent.cjsm.net,B46VK00,Thanet County Court
5192,Kidderminster & Redditch YOT,Kidderminster & Redditch YOT,north.worcs.whyos@westmercia.pnn.police.uk.cjsm.net,B22KS00,Redditch Magistrates' Court
5192,Kidderminster & Redditch YOT,Kidderminster & Redditch YOT,north.worcs.whyos@westmercia.pnn.police.uk.cjsm.net,B22HM00,Kidderminster Magistrates' Court
5067,Kingston Upon Thames YOT,Kingston Upon Thames YOT,yot.team@rbk-kingston.cjsm.net,B01KY00,Richmond-upon-Thames Magistrates' Court
5182,Kirklees YOT,Kirklees YOT,yot.secure@kirklees.cjsm.net,B13TB00,Huddersfield County Court
5182,Kirklees YOT,Kirklees YOT,yot.secure@kirklees.cjsm.net,B13HD00,Huddersfield Magistrates' Court
5099,Lancashire YOT,Lancashire (Blackpool) YOT,lancashireyotsecure@lancashire.gov.uk.cjsm.net,B04RX00,Lancaster County Court
5099,Lancashire YOT,Lancashire (Blackpool) YOT,lancashireyotsecure@lancashire.gov.uk.cjsm.net,B04BQ00,Blackpool Magistrates' Court
5099,Lancashire YOT,Lancashire (Blackpool) YOT,lancashireyotsecure@lancashire.gov.uk.cjsm.net,B04CO00,Burnley Magistrates' Court
5099,Lancashire YOT,Lancashire (Blackpool) YOT,lancashireyotsecure@lancashire.gov.uk.cjsm.net,B04DS00,Chorley Magistrates' Court
5099,Lancashire YOT,Lancashire (Blackpool) YOT,lancashireyotsecure@lancashire.gov.uk.cjsm.net,B04HQ00,Lancaster Magistrates' Court
5099,Lancashire YOT,Lancashire (Blackpool) YOT,lancashireyotsecure@lancashire.gov.uk.cjsm.net,B04KO00,Preston Magistrates' Court
5099,Lancashire YOT,Lancashire (Blackpool) YOT,lancashireyotsecure@lancashire.gov.uk.cjsm.net,B04RZ00,Preston County Court
5183,Leeds YOT,Leeds YOT,leedsyos.court@leeds.cjsm.net,B13HT00,Leeds Magistrates' Court
5183,Leeds YOT,Leeds YOT,leedsyos.court@leeds.cjsm.net,B13KI00,Pontefract Magistrates' Court
5183,Leeds YOT,Leeds YOT,leedsyos.court@leeds.cjsm.net,B13TA00,Halifax County Court
5183,Leeds YOT,Leeds YOT,leedsyos.court@leeds.cjsm.net,B13TE00,Wakefield County Court
5042,Leicester City YOT,Leicester City YOT,youthoffendingservice@leics.gov.uk.cjsm.net,B33HU00,Leicester Magistrates' Court
5044,Lincolnshire YOT,Lincolnshire YOT,grp.lincsyos-ho@lincolnshire.cjsm.net,B32BX00,Boston Magistrates' Court
5044,Lincolnshire YOT,Lincolnshire YOT,grp.lincsyos-ho@lincolnshire.cjsm.net,B32FQ00,Gainsborough Magistrates' Court
5044,Lincolnshire YOT,Lincolnshire YOT,grp.lincsyos-ho@lincolnshire.cjsm.net,B32FX00,Grantham Magistrates' Court
5044,Lincolnshire YOT,Lincolnshire YOT,grp.lincsyos-ho@lincolnshire.cjsm.net,B32HX00,Lincoln Magistrates' Court
5044,Lincolnshire YOT,Lincolnshire YOT,grp.lincsyos-ho@lincolnshire.cjsm.net,B32IJ00,Louth Magistrates' Court
5044,Lincolnshire YOT,Lincolnshire YOT,grp.lincsyos-ho@lincolnshire.cjsm.net,B32LS00,Skegness Magistrates' Court
5044,Lincolnshire YOT,Lincolnshire YOT,grp.lincsyos-ho@lincolnshire.cjsm.net,B32LU00,Sleaford Magistrates' Court
5044,Lincolnshire YOT,Lincolnshire YOT,grp.lincsyos-ho@lincolnshire.cjsm.net,B32MD00,Spalding Magistrates' Court
5044,Lincolnshire YOT,Lincolnshire YOT,grp.lincsyos-ho@lincolnshire.cjsm.net,B32MI00,Stamford Magistrates' Court
5044,Lincolnshire YOT,Lincolnshire YOT,grp.lincsyos-ho@lincolnshire.cjsm.net,B32UD00,Boston County Court
5044,Lincolnshire YOT,Lincolnshire YOT,grp.lincsyos-ho@lincolnshire.cjsm.net,B32UE00,Lincoln County Court
5100,Liverpool YOT,Liverpool YOT,grpliverpool-yot-courtteam@liverpool.gov.uk.cjsm.net,B05HZ00,Liverpool Magistrates' Court (Victoria Street)
5100,Liverpool YOT,Liverpool YOT,grpliverpool-yot-courtteam@liverpool.gov.uk.cjsm.net,B05IA00,Liverpool Magistrates' Court (Dale Street)
5100,Liverpool YOT,Liverpool YOT,grpliverpool-yot-courtteam@liverpool.gov.uk.cjsm.net,B05PK00,Liverpool Youth Court
5100,Liverpool YOT,Liverpool YOT,grpliverpool-yot-courtteam@liverpool.gov.uk.cjsm.net,B05PQ00,North Liverpool Community Justice Centre
5100,Liverpool YOT,Liverpool YOT,grpliverpool-yot-courtteam@liverpool.gov.uk.cjsm.net,B05SC00,Liverpool Civil and Family Court
5034,Luton YOT,Luton YOT,lutonyos-general@luton.gov.uk.cjsm.net,B40UN00,Luton County Court
5034,Luton YOT,Luton YOT,lutonyos-general@luton.gov.uk.cjsm.net,B40IM00,Luton Magistrates' Court
5101,Manchester YOT,Manchester YOT,Manchester-yot-court@manchester.gov.uk.cjsm.net,B06WX00,Manchester Civil Justice Centre
5101,Manchester YOT,Manchester YOT,Manchester-yot-court@manchester.gov.uk.cjsm.net,B06IS00,Manchester City Magistrates' Court
5070,Merton YOT,Merton YOT,grpmerton-yos-courtteam@merton.gov.uk.cjsm.net,B01OK00,Wimbledon Magistrates' Court
5120,Milton Keynes YOT,Milton Keynes YOT,mkyot.ctadmin@miltonkeynes.cjsm.net,B43UZ00,Milton Keynes County Court
5120,Milton Keynes YOT,Milton Keynes YOT,mkyot.ctadmin@miltonkeynes.cjsm.net,B43JC00,Milton Keynes Magistrates' Court
5086,Newcastle YOT,Newcastle YOT,newcastle-yot@newcastle.gov.uk.cjsm.net,B10JJ00,Newcastle upon Tyne Magistrates' Court
5035,Norfolk YOT,Norfolk (Norwich) YOT,grpnorfolk-yot-norwichsecure@norfolk.gcsx.gov.uk.cjsm.net,B36FZ00,Great Yarmouth Magistrates' Court
5035,Norfolk YOT,Norfolk (Norwich) YOT,grpnorfolk-yot-norwichsecure@norfolk.gcsx.gov.uk.cjsm.net,B36HN00,West Norfolk Magistrates' Court
5035,Norfolk YOT,Norfolk (Norwich) YOT,grpnorfolk-yot-norwichsecure@norfolk.gcsx.gov.uk.cjsm.net,B36UJ00,King's Lynn County Court
5035,Norfolk YOT,Norfolk (Norwich) YOT,grpnorfolk-yot-norwichsecure@norfolk.gcsx.gov.uk.cjsm.net,B36JU00,Norwich Magistrates' Court
5184,North East Lincolnshire YOT,North East Lincolnshire YOT,grpnelincs.yot@nelincs.cjsm.net,B16GB00,Grimsby Magistrates' Court
5185,North Lincolnshire YOT,North Lincolnshire YOT,courtmailbox.courtmailbox@northlincs.cjsm.net,B16TI00,Scunthorpe County Court
5185,North Lincolnshire YOT,North Lincolnshire YOT,courtmailbox.courtmailbox@northlincs.cjsm.net,B16LL00,Scunthorpe Magistrates' Court
5139,North Somerset YOT,North Somerset YOT,cjsm.admins@n-somerset.gcsx.gov.uk.cjsm.net,B52OC00,North Somerset Magistrates' Court
5081,North Tyneside YOT,North Tyneside YOT,grp.northtyneside-yot@northtyneside.gov.uk.cjsm.net,B10SP00,North Shields County Court
5081,North Tyneside YOT,North Tyneside YOT,grp.northtyneside-yot@northtyneside.gov.uk.cjsm.net,B10JQ00,North Shields Magistrates' Court
5186,North Yorkshire YOT,North Yorkshire YOT,grpnorthyorksyjs@northyorks.gov.uk.cjsm.net,B12GH00,Harrogate Magistrates' Court
5186,North Yorkshire YOT,North Yorkshire YOT,grpnorthyorksyjs@northyorks.gov.uk.cjsm.net,B12JR00,Northallerton Magistrates' Court
5186,North Yorkshire YOT,North Yorkshire YOT,grpnorthyorksyjs@northyorks.gov.uk.cjsm.net,B12KG00,Pickering Magistrates' Court
5186,North Yorkshire YOT,North Yorkshire YOT,grpnorthyorksyjs@northyorks.gov.uk.cjsm.net,B12LK00,Scarborough Magistrates' Court
5186,North Yorkshire YOT,North Yorkshire YOT,grpnorthyorksyjs@northyorks.gov.uk.cjsm.net,B12LM00,Selby Magistrates' Court
5186,North Yorkshire YOT,North Yorkshire YOT,grpnorthyorksyjs@northyorks.gov.uk.cjsm.net,B12LT00,Skipton Magistrates' Court
5186,North Yorkshire YOT,North Yorkshire YOT,grpnorthyorksyjs@northyorks.gov.uk.cjsm.net,B12OF00,Whitby Magistrates' Court
5186,North Yorkshire YOT,North Yorkshire YOT,grpnorthyorksyjs@northyorks.gov.uk.cjsm.net,B12SV00,Harrogate County Court
5186,North Yorkshire YOT,North Yorkshire YOT,grpnorthyorksyjs@northyorks.gov.uk.cjsm.net,B12SX00,Skipton County Court
5045,Northamptonshire YOT,Northamptonshire YOT,court.liaison@northamptonshire.cjsm.net,B34HL00,Kettering Magistrates' Court
5045,Northamptonshire YOT,Northamptonshire YOT,court.liaison@northamptonshire.cjsm.net,B34JS00,Northampton Magistrates' Court
5045,Northamptonshire YOT,Northamptonshire YOT,court.liaison@northamptonshire.cjsm.net,B34NX00,Wellingborough Magistrates' Court
5045,Northamptonshire YOT,Northamptonshire YOT,court.liaison@northamptonshire.cjsm.net,B34UF00,Kettering County Court
5045,Northamptonshire YOT,Northamptonshire YOT,court.liaison@northamptonshire.cjsm.net,B34EA00,Corby Magistrates' Court
5087,Northumberland YOT,Northumberland YOT,grpnorthumberland-yot@northumberland.gov.uk.cjsm.net,B10BD00,South East Northumberland Magistrates' Court
5087,Northumberland YOT,Northumberland YOT,grpnorthumberland-yot@northumberland.gov.uk.cjsm.net,B10BF00,Berwick-upon-Tweed Magistrates' Court
5087,Northumberland YOT,Northumberland YOT,grpnorthumberland-yot@northumberland.gov.uk.cjsm.net,B10SO00,Morpeth and Berwick County Court
5046,Nottingham City YOT,Nottingham City YOT,grp.nottinghamcity-yot@nottinghamcity.gov.uk.cjsm.net,B31JV00,Nottingham Magistrates' Court
5047,Nottinghamshire YOT,Nottinghamshire YOT,grp.nottscountyyos@nottscc.cjsm.net,B31OU00,Worksop Magistrates' Court
5047,Nottinghamshire YOT,Nottinghamshire YOT,grp.nottscountyyos@nottscc.cjsm.net,B31UA00,Mansfield County Court
5047,Nottinghamshire YOT,Nottinghamshire YOT,grp.nottscountyyos@nottscc.cjsm.net,B31IT00,Mansfield Magistrates' Court
5102,Oldham YOT,Oldham YOT,Yjs.admin@oldham.cjsm.net,B06SG00,Oldham County Court
5102,Oldham YOT,Oldham YOT,Yjs.admin@oldham.cjsm.net,B06JY00,Oldham Magistrates' Court
5121,Oxfordshire YOT,Oxfordshire YOT,YJSAdmin@oxfordshire.gov.uk.cjsm.net,B43KB00,Oxford Magistrates' Court
5121,Oxfordshire YOT,Oxfordshire YOT,YJSAdmin@oxfordshire.gov.uk.cjsm.net,B43AQ00,Banbury Magistrates' Court
5157,Pembrokeshire YOT,Pembrokeshire YOT,Grppembrokeshire-yot@pembrokeshire.gov.uk.cjsm.net,B63GN00,Haverfordwest Magistrates' Court
5036,Peterborough YOT,Peterborough YOT,grp.peterboroughyot@peterborough.cjsm.net,B35KE00,Peterborough Magistrates' Court
5140,Plymouth YOT,Plymouth YOT,grp.plymouthyot@plymouth.cjsm.net,B50HJ00,Isles of Scilly Magistrates' Court
5140,Plymouth YOT,Plymouth YOT,grp.plymouthyot@plymouth.cjsm.net,B50HR00,Launceston Magistrates' Court
5140,Plymouth YOT,Plymouth YOT,grp.plymouthyot@plymouth.cjsm.net,B50KH00,Plymouth Magistrates' Court
5140,Plymouth YOT,Plymouth YOT,grp.plymouthyot@plymouth.cjsm.net,B50KI00,Plymouth County Court
5158,Powys YOT,Powys YOT,grp.admin@powys.cjsm.net,B63CD00,Brecon Magistrates' Court
5158,Powys YOT,Powys YOT,grp.admin@powys.cjsm.net,B63IC00,Llandrindod Wells Magistrates' Court
5158,Powys YOT,Powys YOT,grp.admin@powys.cjsm.net,B63NZ00,Welshpool Magistrates' Court
5158,Powys YOT,Powys YOT,grp.admin@powys.cjsm.net,B63WT00,Welshpool and Newtown County Court
5123,Reading YOT,Reading YOT,grp.readingyot@reading.cjsm.net,B43VB00,Reading County Court
5123,Reading YOT,Reading YOT,grp.readingyot@reading.cjsm.net,B43KQ00,Reading Magistrates' Court
5072,Redbridge YOT,Redbridge YOT,court.barkingsideyos@redbridge.cjsm.net,B01KR00,Redbridge Magistrates' Court
9999,Merthyr Tydfil YOT,Rhondda Cynon Taff YOT,rhonddacynontaffyot@rctcbc.gov.uk.cjsm.net ,B62WO00,Pontypridd County Court
9999,Merthyr Tydfil YOT,Rhondda Cynon Taff YOT,rhonddacynontaffyot@rctcbc.gov.uk.cjsm.net ,B62IZ00,Merthyr Tydfil Magistrates' Court
5187,Rotherham YOT,Rotherham YOT,grprotherham-yot@rotherham.gov.uk.cjsm.net,B14TH00,Rotherham County Court
5187,Rotherham YOT,Rotherham YOT,grprotherham-yot@rotherham.gov.uk.cjsm.net,B14LC00,Rotherham Magistrates' Court
5104,Salford YOT,Salford YOT,grpsalford-yot@salford.gov.uk.cjsm.net,B06LI00,City of Salford Magistrates' Court
5167,Sandwell YOT,Sandwell YOT,yots_team@sandwell.gov.uk.cjsm.net,B20NU00,Oldbury Magistrates' Court
5105,Sefton YOT,Sefton YOT,EDT.DUMMY@cgi.cjsm.net,B05BW00,South Sefton Magistrates' Court
5105,Sefton YOT,Sefton YOT,EDT.DUMMY@cgi.cjsm.net,B52VW00,Weston-super-Mare County Court
5105,Sefton YOT,Sefton YOT,EDT.DUMMY@cgi.cjsm.net,B54DR00,Chippenham Magistrates' Court
5105,Sefton YOT,Sefton YOT,EDT.DUMMY@cgi.cjsm.net,B54EP00,Devizes Magistrates' Court
5105,Sefton YOT,Sefton YOT,EDT.DUMMY@cgi.cjsm.net,B54WA00,Trowbridge County Court
5105,Sefton YOT,Sefton YOT,EDT.DUMMY@cgi.cjsm.net,B54WV00,Salisbury Magistrates' Court
5188,Sheffield YOT,Sheffield YOT,youthjusticeservice.scc@sheffield.cjsm.net,B14LO00,Sheffield Magistrates' Court
5679,Shropshire YOT,Shropshire YOT,shropshire.team.wmyos@westmercia.pnn.police.uk,B22LQ00,Shrewsbury Magistrates' Court
5124,Slough YOT,Slough YOT,grp.sloughyot@slough.cjsm.net,B43LV00,Slough Magistrates' Court
5169,Solihull YOT,Solihull YOT,GrpSolihull-Yot@Solihull.gov.uk.cjsm.net,B20LW00,Solihull Magistrates' Court
5141,Somerset YOT,Somerset YOT,grp.somersetyot@somerset.gov.uk.cjsm.net,B52JD00,Minehead Magistrates' Court
5141,Somerset YOT,Somerset YOT,grp.somersetyot@somerset.gov.uk.cjsm.net,B52MY00,Taunton Magistrates' Court
5141,Somerset YOT,Somerset YOT,grp.somersetyot@somerset.gov.uk.cjsm.net,B52OZ00,Yeovil Magistates' Court
5141,Somerset YOT,Somerset YOT,grp.somersetyot@somerset.gov.uk.cjsm.net,B52VX00,Yeovil County Court
5142,South Gloucestershire YOT,South Gloucestershire YOT,sgcyotsem@southglos.gov.uk.cjsm.net,B52OY00,Yate Magistrates' Court
5089,South Tyneside YOT,South Tyneside YOT,grpsouthtyneside-yot-adminteam@southtyneside.gov.uk.cjsm.net,B10LX00,South Shields Magistrates' Court
5037,Southend YOT,Southend YOT,grp.southendyot@southend.cjsm.net,B42UW00,Southend County Court
5037,Southend YOT,Southend YOT,grp.southendyot@southend.cjsm.net,B42MB00,Southend-on-Sea Magistrates' Court
5074,Southwark YOT,Southwark YOT,grp.southwarkyot-court@southwark.gov.uk.cjsm.net,B01CX00,Camberwell Green Magistrates' Court
5106,St Helens YOT,St Helens YOT,yotsecure@sthelens.gov.uk.cjsm.net,B05MF00,St. Helens Magistrates' Court
5170,Staffordshire YOT,Staffordshire YOT,staffordshire-yot-east@staffordshire.gov.uk.cjsm.net,B21CP00,Burton-upon-Trent Magistrates' Court
5170,Staffordshire YOT,Staffordshire YOT,staffordshire-yot-east@staffordshire.gov.uk.cjsm.net,B21DA00,Cannock Magistrates' Court
5170,Staffordshire YOT,Staffordshire YOT,staffordshire-yot-east@staffordshire.gov.uk.cjsm.net,B21MG00,Stafford Magistrates' Court
5107,Stockport YOT,Stockport YOT,grpstockport-yot-courtteam@stockport.gov.uk.cjsm.net,B06SI00,Stockport County Court
5107,Stockport YOT,Stockport YOT,grpstockport-yot-courtteam@stockport.gov.uk.cjsm.net,B06MK00,Stockport Magistrates' Court
5171,Stoke on Trent YOT,Stoke on Trent YOT,youth.offending.services@stoke.gov.uk.cjsm.net,B21JI00,North Staffordshire Justice Centre
5038,Suffolk YOT,Suffolk YOT,Grp.suffolk-yot@suffolk.cjsm.net,B37CR00,Bury St. Edmunds Magistrates' Court
5038,Suffolk YOT,Suffolk YOT,Grp.suffolk-yot@suffolk.cjsm.net,B37HI00,Ipswich Magistrates' Court
5038,Suffolk YOT,Suffolk YOT,Grp.suffolk-yot@suffolk.cjsm.net,B37IK00,Lowestoft Magistrates' Court
5038,Suffolk YOT,Suffolk YOT,Grp.suffolk-yot@suffolk.cjsm.net,B37JB00,Mildenhall Magistrates' Court
5038,Suffolk YOT,Suffolk YOT,Grp.suffolk-yot@suffolk.cjsm.net,B37UK00,Bury St. Edmunds County Court
5038,Suffolk YOT,Suffolk YOT,Grp.suffolk-yot@suffolk.cjsm.net,B37UL00,Ipswich County Court
5080,Sunderland YOT,Sunderland YOT,grp.sunderland-YOT@sunderland.gov.uk.cjsm.net,B10SQ00,Sunderland County Court
5080,Sunderland YOT,Sunderland YOT,grp.sunderland-YOT@sunderland.gov.uk.cjsm.net,B10MR00,Sunderland Magistrates' Court
5126,Surrey YOT,Surrey YOT,woking-yot@surreycc.gov.uk.cjsm.net,B45KT00,Redhill Magistrates' Court
5126,Surrey YOT,Surrey YOT,woking-yot@surreycc.gov.uk.cjsm.net,B45MH00,Staines Magistrates' Court
5126,Surrey YOT,Surrey YOT,woking-yot@surreycc.gov.uk.cjsm.net,B45GC00,Guildford Magistrates' Court
5160,Swansea YOT,Swansea YOT,Admin.Yos@swansea.gov.uk,B62PO00,Swansea (Dynevor Place) Magistrates' Court
5160,Swansea YOT,Swansea YOT,Admin.Yos@swansea.gov.uk,B62WP00,Swansea County Court
5160,Swansea YOT,Swansea YOT,Admin.Yos@swansea.gov.uk,B62MV00,Swansea Magistrates' Court
5143,Swindon YOT,Swindon YOT,grpswindon-yot@swindon.gov.uk.cjsm.net,B54MW00,Swindon Magistrates' Court
5108,Tameside YOT,Tameside YOT,grp.tamesideyot@tameside.cjsm.net,B06AN00,Tameside Magistrates' Court
5391,Telford YOT,Telford YOT,telford.team.wmyos@westmercia.pnn.police.uk,B22MZ00,Telford & South Shropshire Magistrates' Court
5039,Thurrock YOT,Thurrock YOT,grp.thurrockyot@thurrock.cjsm.net,B42AZ00,Basildon Magistrates' Court
5144,Torbay YOT,Torbay YOT,grptorbay-yot@torbay.gov.uk.cjsm.net,B50NF00,Torquay Magistrates' Court
5144,Torbay YOT,Torbay YOT,grptorbay-yot@torbay.gov.uk.cjsm.net,B50VT00,Torquay and Newton Abbot County Court
5144,Torbay YOT,Torbay YOT,grptorbay-yot@torbay.gov.uk.cjsm.net,B50JO00,Newton Abbot Magistrates' Court
5076,Tower Hamlets & City YOT,Tower Hamlets & City YOT,grptowerhamletsyot.admin@towerhamlets.gov.uk.cjsm.net,B01DU00,City of London Magistrates' Court
5076,Tower Hamlets & City YOT,Tower Hamlets & City YOT,grptowerhamletsyot.admin@towerhamlets.gov.uk.cjsm.net,B01ND00,Thames Magistrates' Court
5076,Tower Hamlets & City YOT,Tower Hamlets & City YOT,grptowerhamletsyot.admin@towerhamlets.gov.uk.cjsm.net,B01RB00,Bow County Court
5076,Tower Hamlets & City YOT,Tower Hamlets & City YOT,grptowerhamletsyot.admin@towerhamlets.gov.uk.cjsm.net,B01RL00,The Mayor's and City of London County Court
5109,Trafford YOT,Trafford YOT,Grp.Trafford-YOT@trafford.gov.uk.cjsm.net,B06LH00,Trafford Magistrates' Court
5162,Vale of Glamorgan YOT,Vale of Glamorgan YOT,grp.valeofglamorganyot@valeofglamorgan.cjsm.net,B62AY00,Barry Magistrates' Court
5189,Wakefield YOT,Wakefield YOT,grpwakefield-yot@wakefield.gov.uk.cjsm.net,B13NN00,Wakefield Magistrates' Court
5172,Walsall YOT,Walsall YOT,WalsallCourtTeam@walsall.gov.uk.cjsm.net,B20NQ00,Walsall Magistrates' Court
5172,Walsall YOT,Walsall YOT,WalsallCourtTeam@walsall.gov.uk.cjsm.net,B20TM00,Walsall County Court
5172,Walsall YOT,Walsall YOT,WalsallCourtTeam@walsall.gov.uk.cjsm.net,B20NP00,Aldridge Magistrates' Court
5077,Waltham Forest YOT,Waltham Forest YOT,youth.offending.team@walthamforest.gov.uk.cjsm.net,B01NR00,Waltham Forest Magistrates' Court
5078,Wandsworth YOT,Wandsworth YOT,grp.wandsworthyot@wandsworth.cjsm.net,B01RN00,Wandsworth County Court
5078,Wandsworth YOT,Wandsworth YOT,grp.wandsworthyot@wandsworth.cjsm.net,B01LY00,South Western Magistrates' Court
5173,Warwickshire YOT,Warwickshire YOT,warwickshireyouthjusticeservice@warwickshire.gov.uk.cjsm.net,B23PP00,Nuneaton Magistrates' Court
5173,Warwickshire YOT,Warwickshire YOT,warwickshireyouthjusticeservice@warwickshire.gov.uk.cjsm.net,B23HS00,Leamington Spa Magistrates' Court
5128,West Berkshire YOT,West Berkshire YOT,grp.westberksyot@westberks.cjsm.net,B43JH00,West Berkshire Magistrates' Court
5129,West Sussex YOT,West Sussex YOT,youthoffendingteam@westsussex.gov.uk.cjsm.net,B47DQ00,Chichester Magistrates' Court
5129,West Sussex YOT,West Sussex YOT,youthoffendingteam@westsussex.gov.uk.cjsm.net,B47EC00,Crawley Magistrates' Court
5129,West Sussex YOT,West Sussex YOT,youthoffendingteam@westsussex.gov.uk.cjsm.net,B47HB00,Horsham Magistrates' Court
5129,West Sussex YOT,West Sussex YOT,youthoffendingteam@westsussex.gov.uk.cjsm.net,B47VM00,Chichester County Court
5129,West Sussex YOT,West Sussex YOT,youthoffendingteam@westsussex.gov.uk.cjsm.net,B47OV00,Worthing Magistrates' Court
5079,Westminster YOT,Westminster YOT,youth.offending@westminster.cjsm.net,B01HG00,Inner London Family Proceedings Court
5079,Westminster YOT,Westminster YOT,youth.offending@westminster.cjsm.net,B01IX00,Westminster Magistrates' Court
5079,Westminster YOT,Westminster YOT,youth.offending@westminster.cjsm.net,B01RE00,Central London County Court
5110,Wigan YOT,Wigan YOT,TYSSweb@wigan.gov.uk.cjsm.net,B06SJ00,Wigan County Court
5110,Wigan YOT,Wigan YOT,TYSSweb@wigan.gov.uk.cjsm.net,B06OJ00,Wigan Magistrates' Court
5130,Windsor & Maidenhead YOT,Windsor & Maidenhead YOT,dutyworker.rbwm@rbwm.cjsm.net,B43IQ00,Maidenhead Magistrates' Court
5111,Wirral YOT,Wirral YOT,grpwirral-yot-admin@wirral.gov.uk.cjsm.net,B05SB00,Birkenhead County Court
5111,Wirral YOT,Wirral YOT,grpwirral-yot-admin@wirral.gov.uk.cjsm.net,B05BK00,Wirral Magistrates' Court
5174,Wolverhampton YOT,Wolverhampton YOT,YOT.Admin@wolverhampton.gcsx.gov.uk.cjsm.net,B20OQ00,Wolverhampton Magistrates' Court
5163,Wrexham YOT,Wrexham YOT,grp.wrexhamyot@wrexham.cjsm.net,B60OW00,Wrexham Magistrates' Court
5190,York YOT,York YOT,ad.min@york.cjsm.net,B12SY00,York County Court
5190,York YOT,York YOT,ad.min@york.cjsm.net,B12PA00,York Magistrates' Court
5032,Essex YOT,Essex (Chelmsford) YOT,yot.chelmsford@essexcc.gov.uk.cjsm.net,B42CM00,Chelmsford Magistrates' Court
5032,Essex YOT,Essex (Chelmsford) YOT,yot.chelmsford@essexcc.gov.uk.cjsm.net,B42US00,Chelmsford County Court
5032,Essex YOT,Essex (Colchester) YOT,yot.colchester@essexcc.gov.uk.cjsm.net,B42CO00,Colchester Magistrates' Court
5032,Essex YOT,Essex (Colchester) YOT,yot.colchester@essexcc.gov.uk.cjsm.net,B42UT00,Colchester County Court